,created_at,item_name,name,zone
0,2023-05-10 00:00:28.286429+07,Visitor_1,Level 1,Guardhouse
1,2023-05-10 22:48:46.48134+07,Visitor_1,Level 1,D western
2,2023-05-11 08:25:40.810496+07,Visitor_1,Level 1,Guardhouse
3,2023-05-11 19:50:43.588278+07,Visitor_1,Level 1,D western
4,2023-05-11 20:00:43.677923+07,Visitor_1,Level 1,Guardhouse
5,2023-05-11 22:27:44.060212+07,Visitor_1,Level 1,D western
6,2023-05-11 22:29:44.113026+07,Visitor_1,Level 4,D eastern
7,2023-05-12 02:52:49.03976+07,Visitor_1,Level 1,D western
8,2023-05-12 03:01:38.933115+07,Visitor_1,Level 4,D eastern
9,2023-05-12 15:42:30.874903+07,Visitor_1,Level 1,D western
10,2023-05-12 15:43:31.39661+07,Visitor_1,Level 1,Guardhouse
11,2023-05-12 20:35:31.980591+07,Visitor_1,Level 1,B
12,2023-05-12 20:36:32.042917+07,Visitor_1,Level 1,C
13,2023-05-12 22:51:32.421112+07,Visitor_1,Level 1,Guardhouse
14,2023-05-13 02:52:48.149082+07,Visitor_1,Level 1,B
15,2023-05-13 02:53:38.156215+07,Visitor_1,Level 1,Guardhouse
16,2023-05-15 17:47:06.596516+07,Visitor_1,Level 3,D western
17,2023-05-15 17:49:06.682537+07,Visitor_1,Level 2,D eastern
18,2023-05-15 20:52:38.431159+07,Visitor_1,Level 1,D western
19,2023-05-15 20:53:37.138371+07,Visitor_1,Level 1,Guardhouse
20,2023-05-15 21:38:37.443669+07,Visitor_1,Level 1,D western
21,2023-05-15 21:40:37.300958+07,Visitor_1,Level 3,D eastern
22,2023-05-16 00:06:37.792163+07,Visitor_1,Level 4,D western
23,2023-05-16 00:07:37.805807+07,Visitor_1,Level 4,D eastern
24,2023-05-16 01:05:38.040493+07,Visitor_1,Level 4,D western
25,2023-05-16 01:06:38.077404+07,Visitor_1,Level 4,D eastern
26,2023-05-16 02:37:38.340829+07,Visitor_1,Level 4,D western
27,2023-05-16 02:38:38.330108+07,Visitor_1,Level 4,D eastern
28,2023-05-16 02:52:45.410742+07,Visitor_1,Level 4,D western
29,2023-05-16 02:53:35.346359+07,Visitor_1,Level 4,D eastern
30,2023-05-16 03:41:35.871051+07,Visitor_1,Level 4,D western
31,2023-05-16 03:42:35.864144+07,Visitor_1,Level 5,D eastern
32,2023-05-16 03:48:35.870503+07,Visitor_1,Level 4,D western
33,2023-05-16 03:49:36.805992+07,Visitor_1,Level 4,D eastern
34,2023-05-16 04:22:37.009533+07,Visitor_1,Level 4,D western
35,2023-05-16 04:23:35.813717+07,Visitor_1,Level 4,D eastern
36,2023-05-16 04:43:35.869313+07,Visitor_1,Level 4,D western
37,2023-05-16 04:45:35.817675+07,Visitor_1,Level 4,D eastern
38,2023-05-16 05:20:36.016914+07,Visitor_1,Level 4,D western
39,2023-05-16 05:22:35.974958+07,Visitor_1,Level 3,D eastern
40,2023-05-16 05:44:36.331756+07,Visitor_1,Level 4,D western
41,2023-05-16 05:45:36.095344+07,Visitor_1,Level 4,D eastern
42,2023-05-16 09:00:36.961358+07,Visitor_1,Level 1,D western
43,2023-05-16 09:01:37.018559+07,Visitor_1,Level 1,Guardhouse
44,2023-05-16 12:19:37.383773+07,Visitor_1,Level 1,B
45,2023-05-16 12:20:37.405382+07,Visitor_1,Level 1,Guardhouse
46,2023-05-17 20:52:46.603928+07,Visitor_1,Level 4,B
47,2023-05-18 18:51:37.085197+07,Visitor_1,Level 1,Guardhouse
48,2023-05-18 18:52:37.083147+07,Visitor_1,Level 1,B
49,2023-05-20 17:37:20.42+07,Visitor_1,Level 1,C
50,2023-05-20 17:38:20.362888+07,Visitor_1,Level 1,D western
51,2023-05-20 19:02:20.744927+07,Visitor_1,Level 1,B
52,2023-05-20 19:03:20.717604+07,Visitor_1,Level 1,D western
53,2023-05-20 19:04:20.768386+07,Visitor_1,Level 2,D eastern
54,2023-05-20 19:05:20.788946+07,Visitor_1,Level 1,C
55,2023-05-20 19:06:20.714139+07,Visitor_1,Level 1,B
56,2023-05-10 00:00:28.286429+07,Visitor_10,Level 5,D western
57,2023-05-10 00:00:28.286429+07,Visitor_2,Level 1,Guardhouse
58,2023-05-10 18:03:44.540853+07,Visitor_2,Level 1,D western
59,2023-05-10 18:05:44.533681+07,Visitor_2,Level 2,D eastern
60,2023-05-10 20:46:44.97145+07,Visitor_2,Level 1,Guardhouse
61,2023-05-12 02:52:49.03976+07,Visitor_2,Level 1,B
62,2023-05-12 02:53:38.915293+07,Visitor_2,Level 1,Guardhouse
63,2023-05-12 19:04:31.248317+07,Visitor_2,Level 1,D western
64,2023-05-12 19:05:31.37483+07,Visitor_2,Level 1,C
65,2023-05-13 07:46:39.48557+07,Visitor_2,Level 1,B
66,2023-05-13 07:47:39.477753+07,Visitor_2,Level 1,Guardhouse
67,2023-05-15 22:42:37.547758+07,Visitor_2,Level 2,D western
68,2023-05-16 06:49:36.498523+07,Visitor_2,Level 1,Guardhouse
69,2023-05-16 07:39:36.470621+07,Visitor_2,Level 1,D western
70,2023-05-16 07:41:36.410802+07,Visitor_2,Level 2,D eastern
71,2023-05-16 15:15:38.39114+07,Visitor_2,Level 1,Guardhouse
72,2023-05-16 17:46:38.925041+07,Visitor_2,Level 1,D western
73,2023-05-16 17:49:38.864964+07,Visitor_2,Level 2,D eastern
74,2023-05-16 20:31:39.536384+07,Visitor_2,Level 1,D western
75,2023-05-16 20:32:39.47114+07,Visitor_2,Level 1,Guardhouse
76,2023-05-16 21:30:39.599501+07,Visitor_2,Level 3,D western
77,2023-05-16 21:32:39.629177+07,Visitor_2,Level 4,D eastern
78,2023-05-16 22:13:39.592315+07,Visitor_2,Level 4,D western
79,2023-05-16 22:14:39.588678+07,Visitor_2,Level 4,D eastern
80,2023-05-17 08:16:35.628078+07,Visitor_2,Level 1,D western
81,2023-05-17 08:17:35.520888+07,Visitor_2,Level 1,Guardhouse
82,2023-05-17 20:50:46.603416+07,Visitor_2,Level 1,D western
83,2023-05-17 20:51:46.658314+07,Visitor_2,Level 4,D eastern
84,2023-05-17 22:35:15.873299+07,Visitor_2,Level 4,D western
85,2023-05-17 22:36:15.86838+07,Visitor_2,Level 5,D eastern
86,2023-05-18 00:40:16.004282+07,Visitor_2,Level 4,D western
87,2023-05-18 00:41:16.015531+07,Visitor_2,Level 5,D eastern
88,2023-05-18 01:07:16.371758+07,Visitor_2,Level 4,D western
89,2023-05-18 01:09:16.150695+07,Visitor_2,Level 4,D eastern
90,2023-05-18 01:15:16.365158+07,Visitor_2,Level 4,D western
91,2023-05-18 01:17:16.426136+07,Visitor_2,Level 4,D eastern
92,2023-05-18 02:52:43.585632+07,Visitor_2,Level 4,D western
93,2023-05-18 02:53:33.554526+07,Visitor_2,Level 5,D eastern
94,2023-05-18 03:51:33.963382+07,Visitor_2,Level 4,D western
95,2023-05-18 03:52:33.962646+07,Visitor_2,Level 5,D eastern
96,2023-05-18 05:46:34.572373+07,Visitor_2,Level 4,D western
97,2023-05-18 05:47:34.770051+07,Visitor_2,Level 4,D eastern
98,2023-05-18 08:17:35.132612+07,Visitor_2,Level 1,Guardhouse
99,2023-05-18 12:00:35.602794+07,Visitor_2,Level 2,D western
100,2023-05-18 12:01:35.542235+07,Visitor_2,Level 3,C
101,2023-05-18 15:14:36.443764+07,Visitor_2,Level 1,Guardhouse
102,2023-05-18 18:35:37.043065+07,Visitor_2,Level 2,D western
103,2023-05-18 18:36:36.974703+07,Visitor_2,Level 2,D eastern
104,2023-05-18 20:44:37.714525+07,Visitor_2,Level 1,Guardhouse
105,2023-05-18 21:28:37.733171+07,Visitor_2,Level 1,B
106,2023-05-18 21:29:37.735403+07,Visitor_2,Level 3,D western
107,2023-05-18 21:30:37.659672+07,Visitor_2,Level 4,D eastern
108,2023-05-19 02:52:43.401201+07,Visitor_2,Level 1,D western
109,2023-05-19 02:53:33.387476+07,Visitor_2,Level 5,D eastern
110,2023-05-19 08:39:34.835564+07,Visitor_2,Level 1,D western
111,2023-05-19 08:40:35.990412+07,Visitor_2,Level 1,Guardhouse
112,2023-05-19 19:24:37.019411+07,Visitor_2,Level 3,C
113,2023-05-20 06:44:33.372917+07,Visitor_2,Level 1,B
114,2023-05-20 06:45:33.366485+07,Visitor_2,Level 1,Guardhouse
115,2023-05-20 14:22:19.762961+07,Visitor_2,Level 2,D western
116,2023-05-20 14:23:19.734404+07,Visitor_2,Level 2,D eastern
117,2023-05-20 14:25:19.723028+07,Visitor_2,Level 1,C
118,2023-05-20 14:26:19.763612+07,Visitor_2,Level 1,D eastern
119,2023-05-20 14:28:19.824703+07,Visitor_2,Level 1,D western
120,2023-05-20 14:29:19.658532+07,Visitor_2,Level 1,D eastern
121,2023-05-20 14:35:19.817835+07,Visitor_2,Level 2,C
122,2023-05-20 14:41:19.828315+07,Visitor_2,Level 1,D western
123,2023-05-20 14:42:19.852441+07,Visitor_2,Level 1,B
124,2023-05-20 14:44:19.826559+07,Visitor_2,Level 1,D western
125,2023-05-20 14:46:19.767442+07,Visitor_2,Level 4,C
126,2023-05-20 14:50:19.797935+07,Visitor_2,Level 1,D eastern
127,2023-05-20 14:52:20.989852+07,Visitor_2,Level 1,D western
128,2023-05-20 14:54:19.797545+07,Visitor_2,Level 1,D eastern
129,2023-05-20 14:55:19.934583+07,Visitor_2,Level 4,C
130,2023-05-20 15:17:19.847108+07,Visitor_2,Level 1,B
131,2023-05-20 15:18:20.896074+07,Visitor_2,Level 1,Guardhouse
132,2023-05-20 15:19:19.642136+07,Visitor_2,Level 1,D western
133,2023-05-20 15:20:19.955641+07,Visitor_2,Level 1,Guardhouse
134,2023-05-20 15:25:19.946113+07,Visitor_2,Level 2,D western
135,2023-05-20 15:26:19.917348+07,Visitor_2,Level 3,C
136,2023-05-20 15:39:19.728769+07,Visitor_2,Level 1,D eastern
137,2023-05-20 15:40:19.797188+07,Visitor_2,Level 1,C
138,2023-05-20 15:41:19.741634+07,Visitor_2,Level 1,D eastern
139,2023-05-20 15:43:19.741829+07,Visitor_2,Level 1,D western
140,2023-05-20 15:46:19.840304+07,Visitor_2,Level 1,D eastern
141,2023-05-20 15:55:19.877582+07,Visitor_2,Level 1,B
142,2023-05-20 15:58:19.848718+07,Visitor_2,Level 1,Guardhouse
143,2023-05-20 18:29:20.398557+07,Visitor_2,Level 1,D western
144,2023-05-20 18:31:20.414782+07,Visitor_2,Level 3,C
145,2023-05-20 18:53:20.739189+07,Visitor_2,Level 1,D western
146,2023-05-20 18:54:20.761619+07,Visitor_2,Level 1,Guardhouse
147,2023-05-20 22:38:21.222377+07,Visitor_2,Level 1,C
148,2023-05-10 00:00:28.286429+07,Visitor_3,Level 1,Guardhouse
149,2023-05-12 17:54:31.319669+07,Visitor_3,Level 1,D western
150,2023-05-12 17:56:31.0845+07,Visitor_3,Level 2,D eastern
151,2023-05-12 20:50:31.981593+07,Visitor_3,Level 1,D western
152,2023-05-12 20:51:32.074821+07,Visitor_3,Level 1,Guardhouse
153,2023-05-12 21:59:31.974617+07,Visitor_3,Level 1,D eastern
154,2023-05-12 22:00:31.923873+07,Visitor_3,Level 2,D western
155,2023-05-12 22:02:31.999065+07,Visitor_3,Level 2,D eastern
156,2023-05-12 22:04:31.997687+07,Visitor_3,Level 2,D western
157,2023-05-12 22:13:31.974118+07,Visitor_3,Level 2,D eastern
158,2023-05-12 22:18:32.061024+07,Visitor_3,Level 1,D western
159,2023-05-12 22:20:32.027247+07,Visitor_3,Level 2,D eastern
160,2023-05-12 22:21:32.046597+07,Visitor_3,Level 2,D western
161,2023-05-12 22:22:32.000852+07,Visitor_3,Level 2,C
162,2023-05-12 22:23:32.052597+07,Visitor_3,Level 2,D eastern
163,2023-05-12 22:24:32.060725+07,Visitor_3,Level 2,D western
164,2023-05-12 22:25:32.049152+07,Visitor_3,Level 2,D eastern
165,2023-05-12 22:26:32.047635+07,Visitor_3,Level 2,C
166,2023-05-12 22:28:32.0737+07,Visitor_3,Level 2,D western
167,2023-05-12 22:33:32.074282+07,Visitor_3,Level 2,D eastern
168,2023-05-12 22:35:32.381074+07,Visitor_3,Level 2,D western
169,2023-05-12 22:37:32.323435+07,Visitor_3,Level 2,D eastern
170,2023-05-12 22:38:32.381503+07,Visitor_3,Level 2,D western
171,2023-05-12 23:03:33.340986+07,Visitor_3,Level 2,D eastern
172,2023-05-12 23:04:32.086001+07,Visitor_3,Level 2,D western
173,2023-05-12 23:05:32.44923+07,Visitor_3,Level 2,D eastern
174,2023-05-12 23:09:32.454483+07,Visitor_3,Level 2,D western
175,2023-05-12 23:10:33.345622+07,Visitor_3,Level 2,D eastern
176,2023-05-12 23:14:32.438675+07,Visitor_3,Level 2,D western
177,2023-05-12 23:17:32.4418+07,Visitor_3,Level 2,D eastern
178,2023-05-12 23:18:32.47884+07,Visitor_3,Level 2,D western
179,2023-05-12 23:22:32.456526+07,Visitor_3,Level 2,D eastern
180,2023-05-12 23:23:32.461097+07,Visitor_3,Level 2,D western
181,2023-05-12 23:24:32.216324+07,Visitor_3,Level 2,D eastern
182,2023-05-12 23:27:32.178068+07,Visitor_3,Level 2,D western
183,2023-05-12 23:28:32.247864+07,Visitor_3,Level 2,D eastern
184,2023-05-12 23:35:32.200848+07,Visitor_3,Level 2,D western
185,2023-05-12 23:37:32.266838+07,Visitor_3,Level 2,D eastern
186,2023-05-12 23:42:32.280636+07,Visitor_3,Level 2,D western
187,2023-05-12 23:44:32.278131+07,Visitor_3,Level 2,D eastern
188,2023-05-12 23:47:32.327563+07,Visitor_3,Level 2,D western
189,2023-05-12 23:48:32.325307+07,Visitor_3,Level 2,D eastern
190,2023-05-13 00:00:32.701736+07,Visitor_3,Level 2,D western
191,2023-05-13 00:01:32.538597+07,Visitor_3,Level 2,D eastern
192,2023-05-13 00:02:32.573548+07,Visitor_3,Level 2,D western
193,2023-05-13 00:04:32.590576+07,Visitor_3,Level 2,D eastern
194,2023-05-13 00:06:32.551517+07,Visitor_3,Level 2,D western
195,2023-05-13 00:07:32.602865+07,Visitor_3,Level 2,D eastern
196,2023-05-13 00:08:32.554363+07,Visitor_3,Level 2,D western
197,2023-05-13 00:11:32.651273+07,Visitor_3,Level 2,D eastern
198,2023-05-13 00:14:32.610505+07,Visitor_3,Level 2,D western
199,2023-05-13 00:16:32.572841+07,Visitor_3,Level 2,D eastern
200,2023-05-13 00:18:32.394388+07,Visitor_3,Level 2,D western
201,2023-05-13 00:21:32.676528+07,Visitor_3,Level 2,D eastern
202,2023-05-13 00:23:32.69771+07,Visitor_3,Level 2,D western
203,2023-05-13 00:24:32.692447+07,Visitor_3,Level 2,D eastern
204,2023-05-13 00:25:32.679625+07,Visitor_3,Level 2,D western
205,2023-05-13 00:26:32.682488+07,Visitor_3,Level 2,D eastern
206,2023-05-13 00:28:32.619208+07,Visitor_3,Level 2,D western
207,2023-05-13 00:29:33.618568+07,Visitor_3,Level 2,D eastern
208,2023-05-13 00:31:32.634664+07,Visitor_3,Level 2,D western
209,2023-05-13 00:33:32.645669+07,Visitor_3,Level 2,D eastern
210,2023-05-13 00:34:32.769357+07,Visitor_3,Level 2,D western
211,2023-05-13 00:36:32.677505+07,Visitor_3,Level 2,D eastern
212,2023-05-13 00:38:32.813038+07,Visitor_3,Level 2,D western
213,2023-05-13 00:39:32.705554+07,Visitor_3,Level 2,D eastern
214,2023-05-13 00:45:32.717051+07,Visitor_3,Level 2,D western
215,2023-05-13 00:46:32.752602+07,Visitor_3,Level 2,D eastern
216,2023-05-13 00:53:32.79445+07,Visitor_3,Level 2,D western
217,2023-05-13 00:54:32.718112+07,Visitor_3,Level 2,D eastern
218,2023-05-13 00:58:32.739699+07,Visitor_3,Level 2,D western
219,2023-05-13 00:59:32.802916+07,Visitor_3,Level 2,D eastern
220,2023-05-13 01:00:32.817896+07,Visitor_3,Level 2,D western
221,2023-05-13 01:01:32.808194+07,Visitor_3,Level 2,D eastern
222,2023-05-13 01:06:32.769058+07,Visitor_3,Level 2,D western
223,2023-05-13 01:08:32.793477+07,Visitor_3,Level 2,D eastern
224,2023-05-13 01:14:32.890545+07,Visitor_3,Level 2,D western
225,2023-05-13 01:15:32.797875+07,Visitor_3,Level 2,D eastern
226,2023-05-13 01:17:32.635377+07,Visitor_3,Level 2,D western
227,2023-05-13 01:20:32.876507+07,Visitor_3,Level 2,D eastern
228,2023-05-13 01:21:32.765253+07,Visitor_3,Level 2,D western
229,2023-05-13 01:25:32.917557+07,Visitor_3,Level 2,D eastern
230,2023-05-13 01:28:32.928144+07,Visitor_3,Level 2,D western
231,2023-05-13 01:29:32.932834+07,Visitor_3,Level 2,D eastern
232,2023-05-13 01:31:32.868881+07,Visitor_3,Level 2,D western
233,2023-05-13 01:35:32.908895+07,Visitor_3,Level 2,D eastern
234,2023-05-13 01:39:32.855434+07,Visitor_3,Level 2,D western
235,2023-05-13 01:40:32.944684+07,Visitor_3,Level 2,D eastern
236,2023-05-13 01:45:32.997122+07,Visitor_3,Level 2,D western
237,2023-05-13 01:46:32.948717+07,Visitor_3,Level 2,D eastern
238,2023-05-13 01:51:33.766396+07,Visitor_3,Level 2,D western
239,2023-05-13 01:53:32.766603+07,Visitor_3,Level 2,D eastern
240,2023-05-13 01:56:32.794398+07,Visitor_3,Level 2,D western
241,2023-05-13 01:59:32.784927+07,Visitor_3,Level 2,D eastern
242,2023-05-13 02:03:32.894956+07,Visitor_3,Level 2,D western
243,2023-05-13 02:06:32.829674+07,Visitor_3,Level 2,D eastern
244,2023-05-13 02:07:32.760364+07,Visitor_3,Level 2,D western
245,2023-05-13 02:08:32.75448+07,Visitor_3,Level 2,D eastern
246,2023-05-13 02:09:32.816075+07,Visitor_3,Level 2,D western
247,2023-05-13 02:10:32.843708+07,Visitor_3,Level 2,D eastern
248,2023-05-13 02:12:32.785919+07,Visitor_3,Level 2,D western
249,2023-05-13 02:18:32.789548+07,Visitor_3,Level 2,D eastern
250,2023-05-13 02:20:32.798278+07,Visitor_3,Level 2,D western
251,2023-05-13 02:21:32.849019+07,Visitor_3,Level 2,D eastern
252,2023-05-13 02:22:32.806022+07,Visitor_3,Level 2,D western
253,2023-05-13 02:23:32.857923+07,Visitor_3,Level 2,D eastern
254,2023-05-13 02:28:32.862679+07,Visitor_3,Level 2,D western
255,2023-05-13 02:31:32.826286+07,Visitor_3,Level 2,D eastern
256,2023-05-13 02:35:33.048423+07,Visitor_3,Level 2,D western
257,2023-05-13 02:36:32.90135+07,Visitor_3,Level 2,D eastern
258,2023-05-13 02:40:32.897738+07,Visitor_3,Level 2,D western
259,2023-05-13 02:41:32.935564+07,Visitor_3,Level 2,D eastern
260,2023-05-13 02:42:32.853394+07,Visitor_3,Level 2,D western
261,2023-05-13 02:43:32.915459+07,Visitor_3,Level 2,D eastern
262,2023-05-13 02:45:32.861758+07,Visitor_3,Level 2,D western
263,2023-05-13 02:55:38.189169+07,Visitor_3,Level 2,D eastern
264,2023-05-13 03:01:38.160871+07,Visitor_3,Level 2,D western
265,2023-05-13 03:02:38.428537+07,Visitor_3,Level 2,D eastern
266,2023-05-13 03:03:38.450777+07,Visitor_3,Level 2,D western
267,2023-05-13 03:06:38.569356+07,Visitor_3,Level 2,D eastern
268,2023-05-13 03:10:38.548465+07,Visitor_3,Level 2,D western
269,2023-05-13 03:11:39.47379+07,Visitor_3,Level 2,D eastern
270,2023-05-13 03:13:38.528554+07,Visitor_3,Level 2,D western
271,2023-05-13 03:15:38.257929+07,Visitor_3,Level 2,D eastern
272,2023-05-13 03:23:38.495062+07,Visitor_3,Level 2,D western
273,2023-05-13 03:24:38.534428+07,Visitor_3,Level 2,D eastern
274,2023-05-13 03:27:38.497391+07,Visitor_3,Level 2,D western
275,2023-05-13 03:28:39.42189+07,Visitor_3,Level 2,D eastern
276,2023-05-13 03:29:38.372883+07,Visitor_3,Level 2,D western
277,2023-05-13 03:30:38.558555+07,Visitor_3,Level 2,D eastern
278,2023-05-13 03:33:38.575657+07,Visitor_3,Level 2,D western
279,2023-05-13 03:34:38.576678+07,Visitor_3,Level 2,D eastern
280,2023-05-13 03:37:38.582651+07,Visitor_3,Level 2,D western
281,2023-05-13 03:38:38.593557+07,Visitor_3,Level 2,D eastern
282,2023-05-13 03:45:38.605156+07,Visitor_3,Level 2,D western
283,2023-05-13 03:48:38.727882+07,Visitor_3,Level 2,D eastern
284,2023-05-13 03:51:38.456824+07,Visitor_3,Level 2,D western
285,2023-05-13 03:52:38.821883+07,Visitor_3,Level 2,D eastern
286,2023-05-13 03:54:39.571803+07,Visitor_3,Level 2,D western
287,2023-05-13 03:55:38.455026+07,Visitor_3,Level 2,D eastern
288,2023-05-13 03:58:38.398806+07,Visitor_3,Level 2,D western
289,2023-05-13 03:59:38.650668+07,Visitor_3,Level 2,D eastern
290,2023-05-13 04:01:38.479232+07,Visitor_3,Level 2,D western
291,2023-05-13 04:02:38.478601+07,Visitor_3,Level 2,D eastern
292,2023-05-13 04:06:38.681432+07,Visitor_3,Level 2,D western
293,2023-05-13 04:08:38.682302+07,Visitor_3,Level 2,D eastern
294,2023-05-13 04:12:38.705088+07,Visitor_3,Level 2,D western
295,2023-05-13 04:13:38.711933+07,Visitor_3,Level 2,D eastern
296,2023-05-13 04:14:38.65929+07,Visitor_3,Level 2,D western
297,2023-05-13 04:15:38.737692+07,Visitor_3,Level 2,D eastern
298,2023-05-13 04:17:38.768683+07,Visitor_3,Level 2,D western
299,2023-05-13 04:19:38.73198+07,Visitor_3,Level 2,D eastern
300,2023-05-13 04:26:38.802869+07,Visitor_3,Level 2,D western
301,2023-05-13 04:28:38.688823+07,Visitor_3,Level 2,D eastern
302,2023-05-13 04:40:38.538781+07,Visitor_3,Level 2,D western
303,2023-05-13 04:41:38.607038+07,Visitor_3,Level 2,D eastern
304,2023-05-13 04:46:38.639595+07,Visitor_3,Level 2,D western
305,2023-05-13 04:47:38.646026+07,Visitor_3,Level 2,D eastern
306,2023-05-13 04:50:38.665008+07,Visitor_3,Level 2,D western
307,2023-05-13 04:52:38.669657+07,Visitor_3,Level 2,D eastern
308,2023-05-13 04:54:38.599541+07,Visitor_3,Level 2,D western
309,2023-05-13 04:57:38.70595+07,Visitor_3,Level 2,D eastern
310,2023-05-13 05:03:38.731977+07,Visitor_3,Level 2,D western
311,2023-05-13 05:06:38.744431+07,Visitor_3,Level 2,D eastern
312,2023-05-13 05:09:38.750608+07,Visitor_3,Level 2,D western
313,2023-05-13 05:11:38.748238+07,Visitor_3,Level 2,D eastern
314,2023-05-13 05:12:38.672332+07,Visitor_3,Level 2,D western
315,2023-05-13 05:13:38.672649+07,Visitor_3,Level 2,D eastern
316,2023-05-13 05:14:38.676624+07,Visitor_3,Level 2,D western
317,2023-05-13 05:16:38.958112+07,Visitor_3,Level 2,D eastern
318,2023-05-13 05:18:38.954158+07,Visitor_3,Level 2,D western
319,2023-05-13 05:19:38.996212+07,Visitor_3,Level 2,D eastern
320,2023-05-13 05:22:38.903667+07,Visitor_3,Level 2,D western
321,2023-05-13 05:24:38.925607+07,Visitor_3,Level 2,D eastern
322,2023-05-13 05:29:39.044816+07,Visitor_3,Level 2,D western
323,2023-05-13 05:33:40.353388+07,Visitor_3,Level 2,D eastern
324,2023-05-13 05:35:38.987686+07,Visitor_3,Level 2,D western
325,2023-05-13 05:38:39.123112+07,Visitor_3,Level 2,D eastern
326,2023-05-13 05:53:39.035738+07,Visitor_3,Level 2,D western
327,2023-05-13 05:58:38.864697+07,Visitor_3,Level 2,D eastern
328,2023-05-13 05:59:38.829928+07,Visitor_3,Level 2,D western
329,2023-05-13 06:01:38.889075+07,Visitor_3,Level 2,D eastern
330,2023-05-13 06:04:38.975362+07,Visitor_3,Level 2,D western
331,2023-05-13 06:05:38.840841+07,Visitor_3,Level 2,D eastern
332,2023-05-13 06:06:38.885049+07,Visitor_3,Level 2,D western
333,2023-05-13 06:08:38.898294+07,Visitor_3,Level 2,D eastern
334,2023-05-13 06:10:38.924111+07,Visitor_3,Level 2,D western
335,2023-05-13 06:13:38.87142+07,Visitor_3,Level 2,D eastern
336,2023-05-13 06:15:38.861925+07,Visitor_3,Level 2,D western
337,2023-05-13 06:17:38.877969+07,Visitor_3,Level 2,D eastern
338,2023-05-13 06:18:38.95044+07,Visitor_3,Level 2,D western
339,2023-05-13 06:21:38.976166+07,Visitor_3,Level 2,D eastern
340,2023-05-13 06:22:38.942255+07,Visitor_3,Level 2,D western
341,2023-05-13 06:23:38.954416+07,Visitor_3,Level 2,D eastern
342,2023-05-13 06:24:38.897293+07,Visitor_3,Level 2,D western
343,2023-05-13 06:25:38.894295+07,Visitor_3,Level 2,D eastern
344,2023-05-13 06:28:38.959117+07,Visitor_3,Level 2,D western
345,2023-05-13 06:32:38.962365+07,Visitor_3,Level 2,D eastern
346,2023-05-13 06:40:39.022537+07,Visitor_3,Level 2,D western
347,2023-05-13 06:44:39.052567+07,Visitor_3,Level 2,D eastern
348,2023-05-13 06:45:39.034138+07,Visitor_3,Level 2,D western
349,2023-05-13 06:46:38.959018+07,Visitor_3,Level 2,D eastern
350,2023-05-13 06:48:38.988566+07,Visitor_3,Level 2,D western
351,2023-05-13 06:49:39.033427+07,Visitor_3,Level 2,D eastern
352,2023-05-13 06:56:39.009662+07,Visitor_3,Level 2,D western
353,2023-05-13 06:58:39.069978+07,Visitor_3,Level 2,D eastern
354,2023-05-13 06:59:39.008399+07,Visitor_3,Level 2,D western
355,2023-05-13 07:00:39.019606+07,Visitor_3,Level 2,D eastern
356,2023-05-13 07:01:39.074963+07,Visitor_3,Level 2,D western
357,2023-05-13 07:10:39.055055+07,Visitor_3,Level 2,D eastern
358,2023-05-13 07:12:39.14986+07,Visitor_3,Level 2,D western
359,2023-05-13 07:20:39.159481+07,Visitor_3,Level 2,D eastern
360,2023-05-13 07:21:39.144804+07,Visitor_3,Level 2,D western
361,2023-05-13 07:22:39.150124+07,Visitor_3,Level 2,D eastern
362,2023-05-13 07:23:39.160528+07,Visitor_3,Level 2,D western
363,2023-05-13 07:24:39.155641+07,Visitor_3,Level 2,D eastern
364,2023-05-13 07:25:39.155523+07,Visitor_3,Level 2,D western
365,2023-05-13 07:43:40.389019+07,Visitor_3,Level 2,D eastern
366,2023-05-13 07:44:39.214983+07,Visitor_3,Level 2,D western
367,2023-05-13 08:00:39.508941+07,Visitor_3,Level 2,D eastern
368,2023-05-13 08:02:39.551251+07,Visitor_3,Level 2,D western
369,2023-05-13 08:08:39.498475+07,Visitor_3,Level 2,D eastern
370,2023-05-13 08:10:39.554864+07,Visitor_3,Level 2,D western
371,2023-05-13 08:13:39.567039+07,Visitor_3,Level 2,D eastern
372,2023-05-13 08:15:39.502683+07,Visitor_3,Level 2,D western
373,2023-05-13 08:16:39.581929+07,Visitor_3,Level 2,C
374,2023-05-13 08:17:39.551921+07,Visitor_3,Level 2,D western
375,2023-05-13 11:52:40.139858+07,Visitor_3,Level 2,C
376,2023-05-13 11:53:40.17485+07,Visitor_3,Level 2,D western
377,2023-05-13 12:01:40.124954+07,Visitor_3,Level 2,C
378,2023-05-13 12:02:40.170364+07,Visitor_3,Level 2,D western
379,2023-05-13 12:18:40.234879+07,Visitor_3,Level 2,D eastern
380,2023-05-13 12:19:40.225027+07,Visitor_3,Level 2,D western
381,2023-05-13 12:24:40.20937+07,Visitor_3,Level 2,D eastern
382,2023-05-13 12:25:40.204349+07,Visitor_3,Level 2,D western
383,2023-05-13 12:26:40.272797+07,Visitor_3,Level 2,C
384,2023-05-13 12:27:40.199016+07,Visitor_3,Level 2,D western
385,2023-05-13 12:34:40.226093+07,Visitor_3,Level 2,C
386,2023-05-13 12:35:40.321724+07,Visitor_3,Level 2,D western
387,2023-05-13 12:46:40.611645+07,Visitor_3,Level 2,C
388,2023-05-13 12:47:40.580629+07,Visitor_3,Level 2,D western
389,2023-05-13 15:01:40.829535+07,Visitor_3,Level 2,C
390,2023-05-13 15:02:40.817627+07,Visitor_3,Level 2,D western
391,2023-05-13 15:13:40.788217+07,Visitor_3,Level 2,C
392,2023-05-13 15:14:40.868823+07,Visitor_3,Level 2,D western
393,2023-05-13 16:09:41.368785+07,Visitor_3,Level 3,D eastern
394,2023-05-13 16:12:41.357969+07,Visitor_3,Level 1,D western
395,2023-05-13 16:13:41.3655+07,Visitor_3,Level 1,Guardhouse
396,2023-05-13 16:57:41.54701+07,Visitor_3,Level 1,D western
397,2023-05-13 16:58:41.486361+07,Visitor_3,Level 1,D eastern
398,2023-05-13 17:19:41.327651+07,Visitor_3,Level 1,D western
399,2023-05-13 17:20:41.336177+07,Visitor_3,Level 1,Guardhouse
400,2023-05-14 12:15:59.909795+07,Visitor_3,Level 3,B
401,2023-05-14 12:18:59.89185+07,Visitor_3,Level 3,C
402,2023-05-14 12:33:59.921025+07,Visitor_3,Level 1,B
403,2023-05-14 12:34:59.858906+07,Visitor_3,Level 1,Guardhouse
404,2023-05-15 09:48:38.958109+07,Visitor_3,Level 2,D western
405,2023-05-15 09:51:38.926783+07,Visitor_3,Level 4,D eastern
406,2023-05-15 11:44:39.355839+07,Visitor_3,Level 1,D western
407,2023-05-15 11:45:39.335898+07,Visitor_3,Level 1,Guardhouse
408,2023-05-15 11:46:39.339707+07,Visitor_3,Level 1,B
409,2023-05-15 11:47:39.339057+07,Visitor_3,Level 1,Guardhouse
410,2023-05-16 07:39:36.470621+07,Visitor_3,Level 1,D western
411,2023-05-16 07:41:36.410802+07,Visitor_3,Level 2,D eastern
412,2023-05-16 15:15:38.39114+07,Visitor_3,Level 1,D western
413,2023-05-16 15:16:38.382904+07,Visitor_3,Level 1,Guardhouse
414,2023-05-17 18:11:37.403744+07,Visitor_3,Level 2,D western
415,2023-05-17 18:13:37.340739+07,Visitor_3,Level 3,D eastern
416,2023-05-17 20:42:46.559678+07,Visitor_3,Level 1,D western
417,2023-05-17 20:43:46.568939+07,Visitor_3,Level 1,Guardhouse
418,2023-05-19 21:48:37.266158+07,Visitor_3,Level 1,D western
419,2023-05-19 21:50:37.301665+07,Visitor_3,Level 4,D eastern
420,2023-05-20 02:52:42.93823+07,Visitor_3,Level 4,D western
421,2023-05-20 02:53:32.867206+07,Visitor_3,Level 4,D eastern
422,2023-05-20 10:37:19.05411+07,Visitor_3,Level 1,D western
423,2023-05-20 10:38:18.698334+07,Visitor_3,Level 1,Guardhouse
424,2023-05-20 12:21:19.247429+07,Visitor_3,Level 1,D western
425,2023-05-20 12:28:19.076332+07,Visitor_3,Level 3,D eastern
426,2023-05-20 12:29:19.244786+07,Visitor_3,Level 3,C
427,2023-05-20 12:30:19.084489+07,Visitor_3,Level 1,D western
428,2023-05-20 12:31:19.069886+07,Visitor_3,Level 1,Guardhouse
429,2023-05-20 23:39:21.608886+07,Visitor_3,Level 1,D western
430,2023-05-20 23:40:21.72166+07,Visitor_3,Level 4,C
431,2023-05-10 00:00:28.286429+07,Visitor_4,Level 1,Guardhouse
432,2023-05-11 15:44:42.778887+07,Visitor_4,Level 1,D western
433,2023-05-11 15:48:42.764892+07,Visitor_4,Level 4,D eastern
434,2023-05-11 17:20:42.881741+07,Visitor_4,Level 4,D western
435,2023-05-11 17:21:42.903236+07,Visitor_4,Level 5,D eastern
436,2023-05-11 17:39:42.919401+07,Visitor_4,Level 5,D western
437,2023-05-11 17:41:42.903665+07,Visitor_4,Level 5,D eastern
438,2023-05-11 18:00:43.081876+07,Visitor_4,Level 1,Guardhouse
439,2023-05-12 02:52:49.03976+07,Visitor_4,Level 1,B
440,2023-05-12 02:53:38.915293+07,Visitor_4,Level 1,Guardhouse
441,2023-05-12 18:36:31.484235+07,Visitor_4,Level 1,C
442,2023-05-12 18:37:31.559042+07,Visitor_4,Level 3,D eastern
443,2023-05-14 19:32:02.216627+07,Visitor_4,Level 1,D western
444,2023-05-14 19:33:01.583889+07,Visitor_4,Level 1,Guardhouse
445,2023-05-15 12:23:39.247876+07,Visitor_4,Level 1,D western
446,2023-05-15 12:24:39.170814+07,Visitor_4,Level 1,D eastern
447,2023-05-15 12:40:39.228053+07,Visitor_4,Level 1,D western
448,2023-05-15 12:42:39.251819+07,Visitor_4,Level 1,Guardhouse
449,2023-05-15 18:17:06.484081+07,Visitor_4,Level 2,D eastern
450,2023-05-15 18:19:06.602313+07,Visitor_4,Level 1,C
451,2023-05-15 18:20:06.469379+07,Visitor_4,Level 1,B
452,2023-05-15 18:27:06.505255+07,Visitor_4,Level 1,Guardhouse
453,2023-05-15 18:28:06.494422+07,Visitor_4,Level 1,B
454,2023-05-15 18:48:06.870439+07,Visitor_4,Level 1,Guardhouse
455,2023-05-15 18:49:06.835938+07,Visitor_4,Level 1,B
456,2023-05-15 19:03:06.867587+07,Visitor_4,Level 1,Guardhouse
457,2023-05-15 19:05:06.704975+07,Visitor_4,Level 1,B
458,2023-05-15 19:06:06.627719+07,Visitor_4,Level 1,Guardhouse
459,2023-05-15 19:09:07.154139+07,Visitor_4,Level 1,B
460,2023-05-15 19:13:06.931092+07,Visitor_4,Level 1,Guardhouse
461,2023-05-15 19:14:06.956953+07,Visitor_4,Level 1,B
462,2023-05-15 19:30:06.764168+07,Visitor_4,Level 1,Guardhouse
463,2023-05-15 19:31:07.370124+07,Visitor_4,Level 1,B
464,2023-05-15 20:28:37.393014+07,Visitor_4,Level 1,Guardhouse
465,2023-05-15 20:29:37.354824+07,Visitor_4,Level 1,B
466,2023-05-15 20:48:38.293177+07,Visitor_4,Level 1,Guardhouse
467,2023-05-15 20:49:37.225847+07,Visitor_4,Level 1,B
468,2023-05-15 20:53:37.138371+07,Visitor_4,Level 1,Guardhouse
469,2023-05-15 20:54:37.553487+07,Visitor_4,Level 1,B
470,2023-05-15 21:26:37.625102+07,Visitor_4,Level 1,Guardhouse
471,2023-05-15 21:28:37.508777+07,Visitor_4,Level 1,B
472,2023-05-15 21:34:37.280516+07,Visitor_4,Level 1,Guardhouse
473,2023-05-15 21:36:37.277971+07,Visitor_4,Level 1,B
474,2023-05-15 21:56:37.444024+07,Visitor_4,Level 1,Guardhouse
475,2023-05-15 21:58:37.346909+07,Visitor_4,Level 1,B
476,2023-05-15 22:06:37.380875+07,Visitor_4,Level 1,Guardhouse
477,2023-05-15 22:07:37.756911+07,Visitor_4,Level 1,B
478,2023-05-15 22:15:37.672101+07,Visitor_4,Level 1,Guardhouse
479,2023-05-15 22:16:37.72066+07,Visitor_4,Level 1,B
480,2023-05-15 22:21:37.692587+07,Visitor_4,Level 1,Guardhouse
481,2023-05-15 22:22:37.762297+07,Visitor_4,Level 1,B
482,2023-05-15 22:27:37.719997+07,Visitor_4,Level 1,Guardhouse
483,2023-05-15 22:28:37.731428+07,Visitor_4,Level 1,B
484,2023-05-15 23:15:37.904643+07,Visitor_4,Level 1,Guardhouse
485,2023-05-15 23:16:39.058381+07,Visitor_4,Level 1,B
486,2023-05-15 23:19:37.961084+07,Visitor_4,Level 1,Guardhouse
487,2023-05-15 23:20:38.030113+07,Visitor_4,Level 1,B
488,2023-05-15 23:21:38.031969+07,Visitor_4,Level 1,Guardhouse
489,2023-05-15 23:22:37.932075+07,Visitor_4,Level 1,B
490,2023-05-16 00:13:37.816103+07,Visitor_4,Level 1,Guardhouse
491,2023-05-16 00:16:37.828543+07,Visitor_4,Level 1,B
492,2023-05-16 00:24:38.15388+07,Visitor_4,Level 1,Guardhouse
493,2023-05-16 00:26:37.891253+07,Visitor_4,Level 1,B
494,2023-05-16 00:27:37.957308+07,Visitor_4,Level 1,Guardhouse
495,2023-05-16 00:32:37.895694+07,Visitor_4,Level 1,B
496,2023-05-16 01:13:38.060597+07,Visitor_4,Level 1,Guardhouse
497,2023-05-16 01:15:38.071365+07,Visitor_4,Level 1,B
498,2023-05-16 01:16:38.069119+07,Visitor_4,Level 1,Guardhouse
499,2023-05-16 01:19:38.005556+07,Visitor_4,Level 1,B
500,2023-05-16 01:24:38.016305+07,Visitor_4,Level 1,Guardhouse
501,2023-05-16 01:26:38.022046+07,Visitor_4,Level 1,B
502,2023-05-16 01:27:38.021813+07,Visitor_4,Level 1,Guardhouse
503,2023-05-16 01:29:38.286673+07,Visitor_4,Level 1,B
504,2023-05-16 01:30:38.270904+07,Visitor_4,Level 1,Guardhouse
505,2023-05-16 01:32:38.085876+07,Visitor_4,Level 1,B
506,2023-05-16 01:33:38.294472+07,Visitor_4,Level 1,Guardhouse
507,2023-05-16 01:34:39.203119+07,Visitor_4,Level 1,B
508,2023-05-16 01:35:38.064728+07,Visitor_4,Level 1,Guardhouse
509,2023-05-16 01:42:38.277567+07,Visitor_4,Level 1,B
510,2023-05-16 01:46:38.357656+07,Visitor_4,Level 1,Guardhouse
511,2023-05-16 01:47:38.373264+07,Visitor_4,Level 1,B
512,2023-05-16 01:48:39.392664+07,Visitor_4,Level 1,Guardhouse
513,2023-05-16 01:49:38.099979+07,Visitor_4,Level 1,B
514,2023-05-16 01:54:38.400604+07,Visitor_4,Level 1,Guardhouse
515,2023-05-16 01:55:38.341189+07,Visitor_4,Level 1,B
516,2023-05-16 02:00:38.496408+07,Visitor_4,Level 1,Guardhouse
517,2023-05-16 02:02:38.190514+07,Visitor_4,Level 1,B
518,2023-05-16 02:04:38.207866+07,Visitor_4,Level 1,Guardhouse
519,2023-05-16 02:06:38.198783+07,Visitor_4,Level 1,B
520,2023-05-16 02:08:38.237763+07,Visitor_4,Level 1,Guardhouse
521,2023-05-16 02:09:38.203265+07,Visitor_4,Level 1,B
522,2023-05-16 02:10:38.146201+07,Visitor_4,Level 1,Guardhouse
523,2023-05-16 02:12:38.227333+07,Visitor_4,Level 1,B
524,2023-05-16 02:16:38.229339+07,Visitor_4,Level 1,Guardhouse
525,2023-05-16 02:17:38.262582+07,Visitor_4,Level 1,B
526,2023-05-16 02:19:38.189078+07,Visitor_4,Level 1,Guardhouse
527,2023-05-16 02:22:38.258518+07,Visitor_4,Level 1,B
528,2023-05-16 02:23:38.235756+07,Visitor_4,Level 1,Guardhouse
529,2023-05-16 02:24:38.302982+07,Visitor_4,Level 1,B
530,2023-05-16 02:26:38.241616+07,Visitor_4,Level 1,Guardhouse
531,2023-05-16 02:29:38.248797+07,Visitor_4,Level 1,B
532,2023-05-16 02:32:38.259675+07,Visitor_4,Level 1,Guardhouse
533,2023-05-16 02:40:38.341827+07,Visitor_4,Level 1,B
534,2023-05-16 03:45:35.83646+07,Visitor_4,Level 1,Guardhouse
535,2023-05-16 03:46:35.579832+07,Visitor_4,Level 1,B
536,2023-05-16 03:52:35.901955+07,Visitor_4,Level 1,Guardhouse
537,2023-05-16 03:53:35.85339+07,Visitor_4,Level 1,B
538,2023-05-16 03:54:35.912814+07,Visitor_4,Level 1,Guardhouse
539,2023-05-16 03:56:35.935212+07,Visitor_4,Level 1,B
540,2023-05-16 03:57:35.874867+07,Visitor_4,Level 1,Guardhouse
541,2023-05-16 03:59:35.968105+07,Visitor_4,Level 1,B
542,2023-05-16 04:00:35.969482+07,Visitor_4,Level 1,Guardhouse
543,2023-05-16 04:02:35.974348+07,Visitor_4,Level 1,B
544,2023-05-16 04:07:35.931274+07,Visitor_4,Level 1,Guardhouse
545,2023-05-16 04:08:35.94209+07,Visitor_4,Level 1,B
546,2023-05-16 04:33:35.837418+07,Visitor_4,Level 1,Guardhouse
547,2023-05-16 04:37:35.869605+07,Visitor_4,Level 1,B
548,2023-05-16 04:43:35.869313+07,Visitor_4,Level 1,Guardhouse
549,2023-05-16 04:47:35.825476+07,Visitor_4,Level 1,B
550,2023-05-16 04:48:35.840131+07,Visitor_4,Level 1,Guardhouse
551,2023-05-16 04:50:35.841151+07,Visitor_4,Level 1,B
552,2023-05-16 04:53:35.930825+07,Visitor_4,Level 1,Guardhouse
553,2023-05-16 04:54:35.948388+07,Visitor_4,Level 1,B
554,2023-05-16 04:56:35.923529+07,Visitor_4,Level 1,Guardhouse
555,2023-05-16 05:01:36.208057+07,Visitor_4,Level 1,B
556,2023-05-16 05:08:35.952872+07,Visitor_4,Level 1,Guardhouse
557,2023-05-16 05:09:35.961877+07,Visitor_4,Level 1,B
558,2023-05-16 05:11:35.971185+07,Visitor_4,Level 1,Guardhouse
559,2023-05-16 05:12:35.971243+07,Visitor_4,Level 1,B
560,2023-05-16 05:14:35.92693+07,Visitor_4,Level 1,Guardhouse
561,2023-05-16 05:17:35.933735+07,Visitor_4,Level 1,B
562,2023-05-16 05:23:35.955221+07,Visitor_4,Level 1,Guardhouse
563,2023-05-16 05:24:36.013208+07,Visitor_4,Level 1,B
564,2023-05-16 05:26:35.964463+07,Visitor_4,Level 1,Guardhouse
565,2023-05-16 05:27:36.032319+07,Visitor_4,Level 1,B
566,2023-05-16 06:09:36.3592+07,Visitor_4,Level 1,Guardhouse
567,2023-05-16 06:13:36.40933+07,Visitor_4,Level 1,B
568,2023-05-16 06:19:36.442925+07,Visitor_4,Level 1,Guardhouse
569,2023-05-16 06:25:36.482096+07,Visitor_4,Level 1,B
570,2023-05-16 06:26:36.480681+07,Visitor_4,Level 1,Guardhouse
571,2023-05-16 06:33:36.573998+07,Visitor_4,Level 1,B
572,2023-05-16 06:34:36.5086+07,Visitor_4,Level 1,Guardhouse
573,2023-05-16 06:43:36.540761+07,Visitor_4,Level 1,B
574,2023-05-16 06:46:36.579341+07,Visitor_4,Level 1,Guardhouse
575,2023-05-16 06:48:36.52606+07,Visitor_4,Level 1,B
576,2023-05-16 06:49:36.498523+07,Visitor_4,Level 1,Guardhouse
577,2023-05-16 06:52:36.592516+07,Visitor_4,Level 1,B
578,2023-05-16 06:53:36.608721+07,Visitor_4,Level 1,Guardhouse
579,2023-05-16 07:06:36.849389+07,Visitor_4,Level 1,B
580,2023-05-16 07:07:36.646099+07,Visitor_4,Level 1,Guardhouse
581,2023-05-16 07:13:36.640558+07,Visitor_4,Level 1,B
582,2023-05-16 07:15:36.668223+07,Visitor_4,Level 1,Guardhouse
583,2023-05-16 07:16:37.311504+07,Visitor_4,Level 1,B
584,2023-05-16 07:18:36.588307+07,Visitor_4,Level 1,Guardhouse
585,2023-05-16 07:19:36.614877+07,Visitor_4,Level 1,B
586,2023-05-16 07:21:36.661507+07,Visitor_4,Level 1,Guardhouse
587,2023-05-16 07:50:36.505696+07,Visitor_4,Level 1,B
588,2023-05-16 07:54:36.452873+07,Visitor_4,Level 1,Guardhouse
589,2023-05-16 07:55:36.444581+07,Visitor_4,Level 1,B
590,2023-05-16 07:56:36.470448+07,Visitor_4,Level 1,Guardhouse
591,2023-05-16 08:08:36.553115+07,Visitor_4,Level 1,B
592,2023-05-16 08:09:36.802424+07,Visitor_4,Level 1,Guardhouse
593,2023-05-16 08:29:36.934699+07,Visitor_4,Level 1,B
594,2023-05-16 08:30:36.822005+07,Visitor_4,Level 1,Guardhouse
595,2023-05-16 08:41:36.926258+07,Visitor_4,Level 1,B
596,2023-05-16 08:42:36.961262+07,Visitor_4,Level 1,Guardhouse
597,2023-05-16 08:46:36.99039+07,Visitor_4,Level 1,B
598,2023-05-16 08:48:37.922712+07,Visitor_4,Level 1,Guardhouse
599,2023-05-16 08:51:36.93017+07,Visitor_4,Level 1,B
600,2023-05-16 09:00:36.961358+07,Visitor_4,Level 1,Guardhouse
601,2023-05-16 09:01:37.018559+07,Visitor_4,Level 1,B
602,2023-05-16 09:03:37.115949+07,Visitor_4,Level 1,Guardhouse
603,2023-05-16 09:04:36.835647+07,Visitor_4,Level 1,B
604,2023-05-16 09:08:37.084821+07,Visitor_4,Level 1,Guardhouse
605,2023-05-16 09:15:36.810534+07,Visitor_4,Level 1,B
606,2023-05-16 09:20:36.832997+07,Visitor_4,Level 1,Guardhouse
607,2023-05-16 09:22:36.893379+07,Visitor_4,Level 1,B
608,2023-05-16 09:23:36.825901+07,Visitor_4,Level 1,Guardhouse
609,2023-05-16 09:24:36.9087+07,Visitor_4,Level 1,B
610,2023-05-16 09:26:36.909584+07,Visitor_4,Level 1,Guardhouse
611,2023-05-16 09:28:36.850184+07,Visitor_4,Level 1,B
612,2023-05-16 09:33:36.933991+07,Visitor_4,Level 1,Guardhouse
613,2023-05-16 09:34:36.870229+07,Visitor_4,Level 1,B
614,2023-05-16 09:35:36.872832+07,Visitor_4,Level 1,Guardhouse
615,2023-05-16 09:37:36.959391+07,Visitor_4,Level 1,B
616,2023-05-16 09:39:36.958682+07,Visitor_4,Level 1,Guardhouse
617,2023-05-16 09:40:36.985006+07,Visitor_4,Level 1,B
618,2023-05-16 09:42:36.95551+07,Visitor_4,Level 1,Guardhouse
619,2023-05-16 09:48:36.924512+07,Visitor_4,Level 1,B
620,2023-05-16 09:53:37.00601+07,Visitor_4,Level 1,Guardhouse
621,2023-05-16 09:54:37.010135+07,Visitor_4,Level 1,B
622,2023-05-16 09:55:37.009193+07,Visitor_4,Level 1,Guardhouse
623,2023-05-16 09:58:37.01013+07,Visitor_4,Level 1,B
624,2023-05-16 09:59:37.013424+07,Visitor_4,Level 1,Guardhouse
625,2023-05-16 10:05:37.014451+07,Visitor_4,Level 1,B
626,2023-05-16 10:10:37.053836+07,Visitor_4,Level 1,Guardhouse
627,2023-05-16 10:11:37.07609+07,Visitor_4,Level 1,B
628,2023-05-16 10:12:37.077045+07,Visitor_4,Level 1,Guardhouse
629,2023-05-16 10:15:37.265772+07,Visitor_4,Level 1,B
630,2023-05-16 10:16:37.261148+07,Visitor_4,Level 1,Guardhouse
631,2023-05-16 10:28:37.262485+07,Visitor_4,Level 1,B
632,2023-05-16 10:29:37.243457+07,Visitor_4,Level 1,Guardhouse
633,2023-05-16 10:36:37.03397+07,Visitor_4,Level 1,B
634,2023-05-16 10:37:37.374167+07,Visitor_4,Level 1,Guardhouse
635,2023-05-16 10:42:37.341929+07,Visitor_4,Level 1,B
636,2023-05-16 10:43:37.3382+07,Visitor_4,Level 1,Guardhouse
637,2023-05-16 10:45:37.085353+07,Visitor_4,Level 1,B
638,2023-05-16 10:47:37.37969+07,Visitor_4,Level 1,Guardhouse
639,2023-05-16 10:51:37.33025+07,Visitor_4,Level 1,B
640,2023-05-16 10:52:37.34691+07,Visitor_4,Level 1,Guardhouse
641,2023-05-16 10:54:37.357189+07,Visitor_4,Level 1,B
642,2023-05-16 10:59:37.367857+07,Visitor_4,Level 1,Guardhouse
643,2023-05-16 11:00:37.385037+07,Visitor_4,Level 1,B
644,2023-05-16 11:01:37.45681+07,Visitor_4,Level 1,Guardhouse
645,2023-05-16 11:15:37.503567+07,Visitor_4,Level 1,B
646,2023-05-16 11:17:37.377022+07,Visitor_4,Level 1,Guardhouse
647,2023-05-16 11:23:37.254101+07,Visitor_4,Level 1,B
648,2023-05-16 11:24:37.485894+07,Visitor_4,Level 1,Guardhouse
649,2023-05-16 11:29:37.521863+07,Visitor_4,Level 1,B
650,2023-05-16 11:30:37.492781+07,Visitor_4,Level 1,Guardhouse
651,2023-05-16 11:36:37.505707+07,Visitor_4,Level 1,B
652,2023-05-16 11:37:37.488225+07,Visitor_4,Level 1,Guardhouse
653,2023-05-16 11:38:37.575223+07,Visitor_4,Level 1,B
654,2023-05-16 11:43:37.318495+07,Visitor_4,Level 1,Guardhouse
655,2023-05-16 11:44:37.60355+07,Visitor_4,Level 1,B
656,2023-05-16 11:45:38.086256+07,Visitor_4,Level 1,Guardhouse
657,2023-05-16 11:47:37.553991+07,Visitor_4,Level 1,B
658,2023-05-16 11:48:37.35295+07,Visitor_4,Level 1,Guardhouse
659,2023-05-16 11:50:37.579552+07,Visitor_4,Level 1,B
660,2023-05-16 11:54:37.367058+07,Visitor_4,Level 1,Guardhouse
661,2023-05-16 12:01:37.340014+07,Visitor_4,Level 1,B
662,2023-05-16 12:03:37.358954+07,Visitor_4,Level 1,Guardhouse
663,2023-05-16 12:04:37.419536+07,Visitor_4,Level 1,B
664,2023-05-16 12:12:37.461299+07,Visitor_4,Level 1,Guardhouse
665,2023-05-16 12:15:37.390155+07,Visitor_4,Level 1,B
666,2023-05-16 12:16:37.386959+07,Visitor_4,Level 1,Guardhouse
667,2023-05-16 12:17:37.453287+07,Visitor_4,Level 1,B
668,2023-05-16 12:19:37.383773+07,Visitor_4,Level 1,Guardhouse
669,2023-05-16 12:25:37.423042+07,Visitor_4,Level 1,B
670,2023-05-16 12:26:37.498183+07,Visitor_4,Level 1,Guardhouse
671,2023-05-16 12:28:37.467561+07,Visitor_4,Level 1,B
672,2023-05-16 12:29:37.517232+07,Visitor_4,Level 1,Guardhouse
673,2023-05-16 12:36:37.492698+07,Visitor_4,Level 1,B
674,2023-05-16 12:37:37.696543+07,Visitor_4,Level 1,Guardhouse
675,2023-05-16 12:41:37.898704+07,Visitor_4,Level 1,B
676,2023-05-16 12:42:37.979662+07,Visitor_4,Level 1,Guardhouse
677,2023-05-16 12:54:37.964643+07,Visitor_4,Level 1,B
678,2023-05-16 12:55:37.887696+07,Visitor_4,Level 1,Guardhouse
679,2023-05-16 12:59:37.926465+07,Visitor_4,Level 1,B
680,2023-05-16 13:00:37.910146+07,Visitor_4,Level 1,Guardhouse
681,2023-05-16 13:02:37.900761+07,Visitor_4,Level 1,B
682,2023-05-16 13:03:37.683897+07,Visitor_4,Level 1,Guardhouse
683,2023-05-16 13:09:37.95522+07,Visitor_4,Level 1,B
684,2023-05-16 13:10:37.903015+07,Visitor_4,Level 1,Guardhouse
685,2023-05-16 13:11:37.942486+07,Visitor_4,Level 1,B
686,2023-05-16 13:13:37.855696+07,Visitor_4,Level 1,Guardhouse
687,2023-05-16 13:21:37.952631+07,Visitor_4,Level 1,B
688,2023-05-16 13:22:38.014572+07,Visitor_4,Level 1,Guardhouse
689,2023-05-16 13:23:37.91213+07,Visitor_4,Level 1,B
690,2023-05-16 13:26:37.748113+07,Visitor_4,Level 1,Guardhouse
691,2023-05-16 13:27:37.968539+07,Visitor_4,Level 1,B
692,2023-05-16 13:28:37.987716+07,Visitor_4,Level 1,Guardhouse
693,2023-05-16 13:34:37.934065+07,Visitor_4,Level 1,B
694,2023-05-16 13:35:38.039259+07,Visitor_4,Level 1,Guardhouse
695,2023-05-16 13:40:38.078821+07,Visitor_4,Level 1,B
696,2023-05-16 13:42:37.858332+07,Visitor_4,Level 1,Guardhouse
697,2023-05-16 13:43:38.083296+07,Visitor_4,Level 1,B
698,2023-05-16 13:48:38.05495+07,Visitor_4,Level 1,Guardhouse
699,2023-05-16 13:49:37.832716+07,Visitor_4,Level 1,B
700,2023-05-16 13:55:38.053547+07,Visitor_4,Level 1,Guardhouse
701,2023-05-16 13:59:37.882927+07,Visitor_4,Level 1,B
702,2023-05-16 14:06:37.882138+07,Visitor_4,Level 1,Guardhouse
703,2023-05-16 14:08:37.892761+07,Visitor_4,Level 1,B
704,2023-05-16 14:12:37.862327+07,Visitor_4,Level 1,Guardhouse
705,2023-05-16 14:19:37.934406+07,Visitor_4,Level 1,B
706,2023-05-16 14:20:38.013309+07,Visitor_4,Level 1,Guardhouse
707,2023-05-16 14:29:37.973211+07,Visitor_4,Level 1,B
708,2023-05-16 14:31:37.958611+07,Visitor_4,Level 1,Guardhouse
709,2023-05-16 14:38:37.918035+07,Visitor_4,Level 1,B
710,2023-05-16 14:41:38.007094+07,Visitor_4,Level 1,Guardhouse
711,2023-05-16 14:42:37.917026+07,Visitor_4,Level 1,B
712,2023-05-16 14:46:38.039002+07,Visitor_4,Level 1,Guardhouse
713,2023-05-16 14:47:38.018744+07,Visitor_4,Level 1,B
714,2023-05-16 15:03:37.998584+07,Visitor_4,Level 1,Guardhouse
715,2023-05-16 15:04:37.997697+07,Visitor_4,Level 1,B
716,2023-05-17 18:29:37.465419+07,Visitor_4,Level 1,Guardhouse
717,2023-05-19 02:52:43.401201+07,Visitor_4,Level 1,B
718,2023-05-19 02:53:33.387476+07,Visitor_4,Level 1,Guardhouse
719,2023-05-20 09:25:18.373396+07,Visitor_4,Level 2,D western
720,2023-05-20 09:28:18.391509+07,Visitor_4,Level 2,D eastern
721,2023-05-20 10:44:18.815876+07,Visitor_4,Level 2,D western
722,2023-05-20 10:47:18.799391+07,Visitor_4,Level 2,D eastern
723,2023-05-20 10:49:18.742195+07,Visitor_4,Level 2,D western
724,2023-05-20 10:51:18.567884+07,Visitor_4,Level 2,D eastern
725,2023-05-20 10:53:18.739404+07,Visitor_4,Level 2,D western
726,2023-05-20 10:54:18.56998+07,Visitor_4,Level 2,D eastern
727,2023-05-20 10:55:18.607616+07,Visitor_4,Level 1,D western
728,2023-05-20 10:56:18.532189+07,Visitor_4,Level 2,D eastern
729,2023-05-20 10:58:18.534058+07,Visitor_4,Level 2,D western
730,2023-05-20 11:04:18.554136+07,Visitor_4,Level 2,D eastern
731,2023-05-20 11:05:18.618425+07,Visitor_4,Level 2,D western
732,2023-05-20 11:06:18.619062+07,Visitor_4,Level 2,D eastern
733,2023-05-20 11:07:18.567457+07,Visitor_4,Level 2,D western
734,2023-05-20 11:08:18.650181+07,Visitor_4,Level 2,D eastern
735,2023-05-20 11:10:18.573178+07,Visitor_4,Level 2,D western
736,2023-05-20 11:12:18.605151+07,Visitor_4,Level 2,D eastern
737,2023-05-20 11:13:18.662174+07,Visitor_4,Level 2,D western
738,2023-05-20 11:14:18.691055+07,Visitor_4,Level 2,D eastern
739,2023-05-20 11:18:18.638719+07,Visitor_4,Level 2,D western
740,2023-05-20 11:23:18.879807+07,Visitor_4,Level 2,D eastern
741,2023-05-20 11:28:19.035665+07,Visitor_4,Level 2,D western
742,2023-05-20 11:29:19.107198+07,Visitor_4,Level 2,D eastern
743,2023-05-20 11:32:18.880346+07,Visitor_4,Level 2,D western
744,2023-05-20 11:34:18.838854+07,Visitor_4,Level 2,D eastern
745,2023-05-20 11:35:18.902944+07,Visitor_4,Level 1,D western
746,2023-05-20 11:39:18.916483+07,Visitor_4,Level 1,D eastern
747,2023-05-20 11:40:18.928905+07,Visitor_4,Level 2,D western
748,2023-05-20 11:45:18.939917+07,Visitor_4,Level 2,D eastern
749,2023-05-20 11:46:18.885266+07,Visitor_4,Level 2,D western
750,2023-05-20 11:49:18.945121+07,Visitor_4,Level 2,D eastern
751,2023-05-20 12:16:18.969136+07,Visitor_4,Level 2,D western
752,2023-05-20 12:18:19.038998+07,Visitor_4,Level 2,D eastern
753,2023-05-20 12:37:19.030003+07,Visitor_4,Level 2,D western
754,2023-05-20 12:38:19.095795+07,Visitor_4,Level 2,D eastern
755,2023-05-20 12:59:19.371963+07,Visitor_4,Level 2,D western
756,2023-05-20 13:00:19.37646+07,Visitor_4,Level 2,D eastern
757,2023-05-20 13:45:19.293286+07,Visitor_4,Level 2,D western
758,2023-05-20 13:46:19.335528+07,Visitor_4,Level 2,D eastern
759,2023-05-20 13:47:19.301859+07,Visitor_4,Level 2,D western
760,2023-05-20 13:49:19.309549+07,Visitor_4,Level 2,D eastern
761,2023-05-20 14:48:19.759707+07,Visitor_4,Level 2,D western
762,2023-05-20 14:50:19.797935+07,Visitor_4,Level 2,D eastern
763,2023-05-20 14:53:19.626677+07,Visitor_4,Level 2,D western
764,2023-05-20 14:55:19.934583+07,Visitor_4,Level 2,D eastern
765,2023-05-20 15:13:19.934106+07,Visitor_4,Level 2,D western
766,2023-05-20 15:14:19.956198+07,Visitor_4,Level 2,D eastern
767,2023-05-20 15:18:20.896074+07,Visitor_4,Level 2,D western
768,2023-05-20 15:19:19.642136+07,Visitor_4,Level 2,D eastern
769,2023-05-20 15:21:19.963251+07,Visitor_4,Level 2,D western
770,2023-05-20 15:23:19.886252+07,Visitor_4,Level 2,D eastern
771,2023-05-20 15:24:19.920731+07,Visitor_4,Level 2,D western
772,2023-05-20 15:25:19.946113+07,Visitor_4,Level 2,D eastern
773,2023-05-20 15:26:19.917348+07,Visitor_4,Level 2,D western
774,2023-05-20 15:30:19.689858+07,Visitor_4,Level 2,D eastern
775,2023-05-20 15:44:19.815881+07,Visitor_4,Level 2,D western
776,2023-05-20 15:45:19.738172+07,Visitor_4,Level 2,D eastern
777,2023-05-20 16:00:19.811316+07,Visitor_4,Level 2,D western
778,2023-05-20 16:01:19.817007+07,Visitor_4,Level 2,D eastern
779,2023-05-20 16:13:20.397343+07,Visitor_4,Level 2,D western
780,2023-05-20 16:15:19.908491+07,Visitor_4,Level 2,D eastern
781,2023-05-20 16:19:19.948496+07,Visitor_4,Level 2,D western
782,2023-05-20 16:20:19.877447+07,Visitor_4,Level 2,D eastern
783,2023-05-20 16:32:19.883796+07,Visitor_4,Level 2,D western
784,2023-05-20 16:33:19.971864+07,Visitor_4,Level 2,D eastern
785,2023-05-20 16:49:19.932923+07,Visitor_4,Level 2,D western
786,2023-05-20 16:50:20.023189+07,Visitor_4,Level 2,D eastern
787,2023-05-20 16:54:19.957904+07,Visitor_4,Level 2,D western
788,2023-05-20 16:55:20.023672+07,Visitor_4,Level 2,D eastern
789,2023-05-20 17:13:20.372269+07,Visitor_4,Level 2,D western
790,2023-05-20 17:16:20.306866+07,Visitor_4,Level 2,D eastern
791,2023-05-20 17:24:21.313094+07,Visitor_4,Level 2,D western
792,2023-05-20 17:34:20.470713+07,Visitor_4,Level 2,D eastern
793,2023-05-20 17:36:20.443931+07,Visitor_4,Level 2,D western
794,2023-05-20 17:42:20.329992+07,Visitor_4,Level 2,D eastern
795,2023-05-20 17:44:20.179355+07,Visitor_4,Level 2,D western
796,2023-05-20 17:48:20.443385+07,Visitor_4,Level 2,D eastern
797,2023-05-20 17:56:20.243155+07,Visitor_4,Level 2,D western
798,2023-05-20 17:57:20.263728+07,Visitor_4,Level 2,D eastern
799,2023-05-20 19:21:20.857886+07,Visitor_4,Level 2,D western
800,2023-05-20 19:26:20.813167+07,Visitor_4,Level 2,D eastern
801,2023-05-20 19:38:21.039211+07,Visitor_4,Level 2,D western
802,2023-05-20 19:40:20.885502+07,Visitor_4,Level 2,D eastern
803,2023-05-20 19:43:20.876831+07,Visitor_4,Level 2,D western
804,2023-05-20 19:44:20.899104+07,Visitor_4,Level 2,D eastern
805,2023-05-20 19:58:21.017202+07,Visitor_4,Level 2,D western
806,2023-05-20 19:59:20.896315+07,Visitor_4,Level 2,D eastern
807,2023-05-20 20:15:21.051777+07,Visitor_4,Level 2,D western
808,2023-05-20 20:28:20.807741+07,Visitor_4,Level 2,D eastern
809,2023-05-20 20:31:20.827882+07,Visitor_4,Level 2,D western
810,2023-05-20 20:40:20.864283+07,Visitor_4,Level 2,D eastern
811,2023-05-20 20:41:20.882668+07,Visitor_4,Level 2,D western
812,2023-05-20 21:30:20.962816+07,Visitor_4,Level 2,D eastern
813,2023-05-20 21:31:20.964543+07,Visitor_4,Level 2,D western
814,2023-05-20 21:32:20.942097+07,Visitor_4,Level 2,D eastern
815,2023-05-20 21:33:21.021135+07,Visitor_4,Level 2,D western
816,2023-05-20 21:49:21.021023+07,Visitor_4,Level 2,D eastern
817,2023-05-20 21:50:21.019382+07,Visitor_4,Level 2,D western
818,2023-05-20 22:00:21.271917+07,Visitor_4,Level 2,D eastern
819,2023-05-20 22:02:21.362594+07,Visitor_4,Level 2,D western
820,2023-05-20 23:05:21.5033+07,Visitor_4,Level 2,D eastern
821,2023-05-20 23:08:21.802999+07,Visitor_4,Level 2,D western
822,2023-05-20 23:10:21.602711+07,Visitor_4,Level 1,Guardhouse
823,2023-05-10 00:00:28.286429+07,Visitor_5,Level 1,B
824,2023-05-10 09:53:42.608102+07,Visitor_5,Level 1,Guardhouse
825,2023-05-10 09:54:42.617374+07,Visitor_5,Level 1,B
826,2023-05-10 11:58:43.333181+07,Visitor_5,Level 1,Guardhouse
827,2023-05-10 12:00:43.411961+07,Visitor_5,Level 1,B
828,2023-05-10 12:29:43.226311+07,Visitor_5,Level 1,Guardhouse
829,2023-05-10 12:30:43.159756+07,Visitor_5,Level 1,B
830,2023-05-10 12:31:43.217665+07,Visitor_5,Level 1,Guardhouse
831,2023-05-10 12:33:43.211362+07,Visitor_5,Level 1,B
832,2023-05-10 12:36:43.250103+07,Visitor_5,Level 1,Guardhouse
833,2023-05-10 12:37:43.1994+07,Visitor_5,Level 1,B
834,2023-05-10 12:40:43.210643+07,Visitor_5,Level 1,Guardhouse
835,2023-05-10 12:43:43.215931+07,Visitor_5,Level 1,B
836,2023-05-10 13:26:43.648242+07,Visitor_5,Level 1,Guardhouse
837,2023-05-10 13:27:43.667435+07,Visitor_5,Level 1,B
838,2023-05-10 13:28:43.652338+07,Visitor_5,Level 1,Guardhouse
839,2023-05-10 13:29:43.82645+07,Visitor_5,Level 1,B
840,2023-05-10 13:30:43.923233+07,Visitor_5,Level 1,Guardhouse
841,2023-05-10 13:33:43.807609+07,Visitor_5,Level 1,B
842,2023-05-10 14:16:43.593441+07,Visitor_5,Level 1,Guardhouse
843,2023-05-10 14:17:43.842575+07,Visitor_5,Level 1,B
844,2023-05-10 14:18:43.846616+07,Visitor_5,Level 1,Guardhouse
845,2023-05-10 14:19:43.909827+07,Visitor_5,Level 1,B
846,2023-05-10 14:41:43.690961+07,Visitor_5,Level 1,Guardhouse
847,2023-05-10 14:42:43.690015+07,Visitor_5,Level 1,B
848,2023-05-10 15:06:43.767246+07,Visitor_5,Level 1,Guardhouse
849,2023-05-10 15:07:43.727308+07,Visitor_5,Level 1,B
850,2023-05-10 15:52:43.835178+07,Visitor_5,Level 1,Guardhouse
851,2023-05-10 15:53:43.824528+07,Visitor_5,Level 1,B
852,2023-05-10 15:55:44.052628+07,Visitor_5,Level 1,Guardhouse
853,2023-05-10 15:56:43.821756+07,Visitor_5,Level 1,B
854,2023-05-10 16:04:43.952525+07,Visitor_5,Level 1,Guardhouse
855,2023-05-10 16:05:43.859396+07,Visitor_5,Level 1,B
856,2023-05-10 16:06:43.933466+07,Visitor_5,Level 1,Guardhouse
857,2023-05-10 16:07:43.945848+07,Visitor_5,Level 1,B
858,2023-05-10 16:11:43.983593+07,Visitor_5,Level 1,Guardhouse
859,2023-05-10 16:13:43.953+07,Visitor_5,Level 1,B
860,2023-05-10 16:15:43.89109+07,Visitor_5,Level 1,Guardhouse
861,2023-05-10 16:16:43.915237+07,Visitor_5,Level 1,B
862,2023-05-10 16:22:43.94176+07,Visitor_5,Level 1,Guardhouse
863,2023-05-10 16:23:44.020396+07,Visitor_5,Level 1,B
864,2023-05-10 16:44:44.01981+07,Visitor_5,Level 1,Guardhouse
865,2023-05-10 16:48:44.024795+07,Visitor_5,Level 1,B
866,2023-05-10 16:52:44.309862+07,Visitor_5,Level 1,Guardhouse
867,2023-05-10 16:54:44.352908+07,Visitor_5,Level 1,B
868,2023-05-10 16:56:44.283257+07,Visitor_5,Level 1,Guardhouse
869,2023-05-10 16:59:44.30627+07,Visitor_5,Level 1,B
870,2023-05-10 17:05:44.092492+07,Visitor_5,Level 1,Guardhouse
871,2023-05-10 17:06:44.143592+07,Visitor_5,Level 1,B
872,2023-05-10 17:12:44.147686+07,Visitor_5,Level 1,Guardhouse
873,2023-05-10 17:13:44.168273+07,Visitor_5,Level 1,B
874,2023-05-10 17:20:44.183717+07,Visitor_5,Level 1,Guardhouse
875,2023-05-10 17:21:44.171544+07,Visitor_5,Level 1,B
876,2023-05-10 17:25:44.12869+07,Visitor_5,Level 1,Guardhouse
877,2023-05-10 17:26:44.213337+07,Visitor_5,Level 1,B
878,2023-05-10 17:30:44.149025+07,Visitor_5,Level 1,Guardhouse
879,2023-05-10 17:31:44.200851+07,Visitor_5,Level 1,B
880,2023-05-10 18:39:44.66544+07,Visitor_5,Level 1,Guardhouse
881,2023-05-10 18:40:44.390855+07,Visitor_5,Level 1,B
882,2023-05-10 20:40:44.858746+07,Visitor_5,Level 1,Guardhouse
883,2023-05-10 20:41:44.94232+07,Visitor_5,Level 1,B
884,2023-05-10 21:08:44.944869+07,Visitor_5,Level 1,Guardhouse
885,2023-05-10 21:09:45.030544+07,Visitor_5,Level 1,B
886,2023-05-10 22:57:45.63977+07,Visitor_5,Level 1,Guardhouse
887,2023-05-10 22:59:45.651976+07,Visitor_5,Level 1,B
888,2023-05-10 23:31:45.838471+07,Visitor_5,Level 1,Guardhouse
889,2023-05-10 23:32:45.791714+07,Visitor_5,Level 1,B
890,2023-05-10 23:37:45.815601+07,Visitor_5,Level 1,Guardhouse
891,2023-05-10 23:39:45.727975+07,Visitor_5,Level 1,B
892,2023-05-11 03:44:40.055493+07,Visitor_5,Level 1,Guardhouse
893,2023-05-11 03:45:40.0535+07,Visitor_5,Level 1,B
894,2023-05-11 03:49:40.039607+07,Visitor_5,Level 1,Guardhouse
895,2023-05-11 03:50:40.036395+07,Visitor_5,Level 1,B
896,2023-05-11 03:51:40.025861+07,Visitor_5,Level 1,Guardhouse
897,2023-05-11 03:53:40.040701+07,Visitor_5,Level 1,B
898,2023-05-11 04:04:40.00239+07,Visitor_5,Level 1,Guardhouse
899,2023-05-11 04:05:39.990689+07,Visitor_5,Level 1,B
900,2023-05-11 04:06:39.935647+07,Visitor_5,Level 1,Guardhouse
901,2023-05-11 04:07:40.003964+07,Visitor_5,Level 1,B
902,2023-05-11 05:42:40.488231+07,Visitor_5,Level 1,Guardhouse
903,2023-05-11 05:45:40.575109+07,Visitor_5,Level 1,B
904,2023-05-11 06:15:40.592971+07,Visitor_5,Level 1,Guardhouse
905,2023-05-11 06:16:40.589228+07,Visitor_5,Level 1,B
906,2023-05-11 07:06:40.852242+07,Visitor_5,Level 1,Guardhouse
907,2023-05-11 07:07:41.13932+07,Visitor_5,Level 1,B
908,2023-05-11 08:37:40.947434+07,Visitor_5,Level 1,Guardhouse
909,2023-05-11 08:38:40.869144+07,Visitor_5,Level 1,B
910,2023-05-11 09:41:41.436853+07,Visitor_5,Level 1,Guardhouse
911,2023-05-11 09:42:41.362048+07,Visitor_5,Level 1,B
912,2023-05-11 17:52:42.953048+07,Visitor_5,Level 1,D western
913,2023-05-11 17:53:42.953398+07,Visitor_5,Level 1,Guardhouse
914,2023-05-12 02:52:49.03976+07,Visitor_5,Level 1,B
915,2023-05-12 02:53:38.915293+07,Visitor_5,Level 1,Guardhouse
916,2023-05-12 18:24:31.418319+07,Visitor_5,Level 3,D western
917,2023-05-12 18:27:31.385889+07,Visitor_5,Level 4,D eastern
918,2023-05-12 20:03:31.807863+07,Visitor_5,Level 1,D western
919,2023-05-12 20:04:31.819378+07,Visitor_5,Level 1,Guardhouse
920,2023-05-13 02:52:48.149082+07,Visitor_5,Level 1,B
921,2023-05-13 02:53:38.156215+07,Visitor_5,Level 1,Guardhouse
922,2023-05-13 18:19:41.807255+07,Visitor_5,Level 1,D western
923,2023-05-13 18:20:42.022422+07,Visitor_5,Level 1,C
924,2023-05-13 18:23:41.691184+07,Visitor_5,Level 1,B
925,2023-05-13 18:25:41.454517+07,Visitor_5,Level 3,C
926,2023-05-13 18:26:41.817284+07,Visitor_5,Level 1,D western
927,2023-05-13 18:27:41.77934+07,Visitor_5,Level 1,B
928,2023-05-13 18:29:42.456073+07,Visitor_5,Level 1,C
929,2023-05-13 18:31:41.758542+07,Visitor_5,Level 1,B
930,2023-05-13 18:36:41.576696+07,Visitor_5,Level 4,C
931,2023-05-13 18:50:41.906588+07,Visitor_5,Level 2,D western
932,2023-05-13 18:51:42.011345+07,Visitor_5,Level 1,C
933,2023-05-13 18:54:41.856008+07,Visitor_5,Level 3,D western
934,2023-05-13 18:58:41.839467+07,Visitor_5,Level 2,C
935,2023-05-13 19:02:41.647658+07,Visitor_5,Level 2,D western
936,2023-05-13 19:07:41.593399+07,Visitor_5,Level 2,C
937,2023-05-13 19:08:41.865593+07,Visitor_5,Level 2,D western
938,2023-05-13 19:44:41.825639+07,Visitor_5,Level 1,Guardhouse
939,2023-05-14 11:54:00.121447+07,Visitor_5,Level 1,D western
940,2023-05-14 11:56:00.225043+07,Visitor_5,Level 3,D eastern
941,2023-05-14 12:15:59.909795+07,Visitor_5,Level 4,D western
942,2023-05-14 12:16:59.832767+07,Visitor_5,Level 3,D eastern
943,2023-05-14 12:44:59.948826+07,Visitor_5,Level 1,D western
944,2023-05-14 12:45:59.895779+07,Visitor_5,Level 1,Guardhouse
945,2023-05-14 16:02:00.824605+07,Visitor_5,Level 3,D western
946,2023-05-14 16:05:00.781736+07,Visitor_5,Level 3,D eastern
947,2023-05-14 16:45:00.952282+07,Visitor_5,Level 2,D western
948,2023-05-14 16:48:00.924463+07,Visitor_5,Level 3,D eastern
949,2023-05-14 17:38:02.306669+07,Visitor_5,Level 3,D western
950,2023-05-14 17:39:01.053084+07,Visitor_5,Level 2,D eastern
951,2023-05-14 19:08:01.747054+07,Visitor_5,Level 3,D western
952,2023-05-14 19:10:01.71106+07,Visitor_5,Level 3,D eastern
953,2023-05-14 19:25:01.79038+07,Visitor_5,Level 1,D western
954,2023-05-14 19:26:01.803726+07,Visitor_5,Level 1,Guardhouse
955,2023-05-16 02:53:35.346359+07,Visitor_5,Level 1,B
956,2023-05-16 02:54:35.435078+07,Visitor_5,Level 1,Guardhouse
957,2023-05-16 07:39:36.470621+07,Visitor_5,Level 1,D western
958,2023-05-16 07:41:36.410802+07,Visitor_5,Level 2,D eastern
959,2023-05-16 15:15:38.39114+07,Visitor_5,Level 1,D western
960,2023-05-16 15:16:38.382904+07,Visitor_5,Level 1,Guardhouse
961,2023-05-18 02:52:43.585632+07,Visitor_5,Level 4,C
962,2023-05-18 02:53:33.554526+07,Visitor_5,Level 1,B
963,2023-05-18 02:54:33.638398+07,Visitor_5,Level 1,Guardhouse
964,2023-05-20 02:52:42.93823+07,Visitor_5,Level 1,D western
965,2023-05-20 02:53:32.867206+07,Visitor_5,Level 1,Guardhouse
966,2023-05-20 18:02:20.220794+07,Visitor_5,Level 1,B
967,2023-05-10 00:00:28.286429+07,Visitor_6,Level 1,Guardhouse
968,2023-05-11 18:54:43.528997+07,Visitor_6,Level 3,D western
969,2023-05-11 18:56:43.46764+07,Visitor_6,Level 1,B
970,2023-05-11 18:59:43.549568+07,Visitor_6,Level 1,Guardhouse
971,2023-05-11 19:00:43.529048+07,Visitor_6,Level 1,B
972,2023-05-12 19:40:31.633792+07,Visitor_6,Level 1,Guardhouse
973,2023-05-12 19:42:31.653201+07,Visitor_6,Level 1,B
974,2023-05-14 16:47:01.007578+07,Visitor_6,Level 1,C
975,2023-05-14 17:27:01.086376+07,Visitor_6,Level 1,D western
976,2023-05-14 17:29:01.306004+07,Visitor_6,Level 1,C
977,2023-05-14 17:31:01.473724+07,Visitor_6,Level 1,B
978,2023-05-15 17:04:06.562494+07,Visitor_6,Level 1,Guardhouse
979,2023-05-16 07:39:36.470621+07,Visitor_6,Level 1,D western
980,2023-05-16 07:41:36.410802+07,Visitor_6,Level 2,D eastern
981,2023-05-16 15:15:38.39114+07,Visitor_6,Level 1,D western
982,2023-05-16 15:16:38.382904+07,Visitor_6,Level 1,Guardhouse
983,2023-05-19 02:52:43.401201+07,Visitor_6,Level 2,C
984,2023-05-19 02:53:33.387476+07,Visitor_6,Level 1,Guardhouse
985,2023-05-19 05:53:34.001544+07,Visitor_6,Level 2,B
986,2023-05-19 05:54:34.05278+07,Visitor_6,Level 1,Guardhouse
987,2023-05-10 00:00:28.286429+07,Visitor_7,Level 1,B
988,2023-05-10 00:00:28.286429+07,Visitor_8,Level 1,C
989,2023-05-10 00:00:28.286429+07,Visitor_9,Level 1,B
